<?xml version="1.0" encoding="UTF-8" standalone="yes"?>
<cp:coreProperties xmlns:cp="http://schemas.openxmlformats.org/package/2006/metadata/core-properties" xmlns:dc="http://purl.org/dc/elements/1.1/" xmlns:dcterms="http://purl.org/dc/terms/" xmlns:dcmitype="http://purl.org/dc/dcmitype/" xmlns:xsi="http://www.w3.org/2001/XMLSchema-instance"><dc:title>PowerPoint Presentation</dc:title><dc:creator>Wayne Davis</dc:creator><cp:lastModifiedBy>Wayne Davis</cp:lastModifiedBy><cp:revision>1</cp:revision><dcterms:created xsi:type="dcterms:W3CDTF">2021-03-03T23:10:57Z</dcterms:created><dcterms:modified xsi:type="dcterms:W3CDTF">2021-03-03T23:13:33Z</dcterms:modified></cp:coreProperties>