<?xml version="1.0" encoding="UTF-8" standalone="yes"?>
<p:viewPr xmlns:a="http://schemas.openxmlformats.org/drawingml/2006/main" xmlns:r="http://schemas.openxmlformats.org/officeDocument/2006/relationships" xmlns:p="http://schemas.openxmlformats.org/presentationml/2006/main"><p:normalViewPr><p:restoredLeft sz="15621"/><p:restoredTop sz="94674"/></p:normalViewPr><p:slideViewPr><p:cSldViewPr snapToGrid="0" snapToObjects="1"><p:cViewPr varScale="1"><p:scale><a:sx n="104" d="100"/><a:sy n="104" d="100"/></p:scale><p:origin x="232" y="624"/></p:cViewPr><p:guideLst/></p:cSldViewPr></p:slideViewPr><p:notesTextViewPr><p:cViewPr><p:scale><a:sx n="1" d="1"/><a:sy n="1" d="1"/></p:scale><p:origin x="0" y="0"/></p:cViewPr></p:notesTextViewPr><p:gridSpacing cx="76200" cy="76200"/></p:viewPr>