<?xml version="1.0" encoding="UTF-8" standalone="yes"?>
<p:sldLayout xmlns:a="http://schemas.openxmlformats.org/drawingml/2006/main" xmlns:r="http://schemas.openxmlformats.org/officeDocument/2006/relationships" xmlns:p="http://schemas.openxmlformats.org/presentationml/2006/main" type="secHead" preserve="1"><p:cSld name="Section Header"><p:spTree><p:nvGrpSpPr><p:cNvPr id="1" name=""/><p:cNvGrpSpPr/><p:nvPr/></p:nvGrpSpPr><p:grpSpPr><a:xfrm><a:off x="0" y="0"/><a:ext cx="0" cy="0"/><a:chOff x="0" y="0"/><a:chExt cx="0" cy="0"/></a:xfrm></p:grpSpPr><p:sp><p:nvSpPr><p:cNvPr id="2" name="Title 1"><a:extLst><a:ext uri="{FF2B5EF4-FFF2-40B4-BE49-F238E27FC236}"><a16:creationId xmlns:a16="http://schemas.microsoft.com/office/drawing/2014/main" id="{0EFE48F3-4AF8-3D4E-9E3E-9F7CDFD8174A}"/></a:ext></a:extLst></p:cNvPr><p:cNvSpPr><a:spLocks noGrp="1"/></p:cNvSpPr><p:nvPr><p:ph type="title"/></p:nvPr></p:nvSpPr><p:spPr><a:xfrm><a:off x="831850" y="1709738"/><a:ext cx="10515600" cy="2852737"/></a:xfrm></p:spPr><p:txBody><a:bodyPr anchor="b"/><a:lstStyle><a:lvl1pPr><a:defRPr sz="6000"/></a:lvl1pPr></a:lstStyle><a:p><a:r><a:rPr lang="en-US"/><a:t>Click to edit Master title style</a:t></a:r></a:p></p:txBody></p:sp><p:sp><p:nvSpPr><p:cNvPr id="3" name="Text Placeholder 2"><a:extLst><a:ext uri="{FF2B5EF4-FFF2-40B4-BE49-F238E27FC236}"><a16:creationId xmlns:a16="http://schemas.microsoft.com/office/drawing/2014/main" id="{5941AFEB-1669-C240-97FB-E25AE0EB95DB}"/></a:ext></a:extLst></p:cNvPr><p:cNvSpPr><a:spLocks noGrp="1"/></p:cNvSpPr><p:nvPr><p:ph type="body" idx="1"/></p:nvPr></p:nvSpPr><p:spPr><a:xfrm><a:off x="831850" y="4589463"/><a:ext cx="10515600" cy="1500187"/></a:xfrm></p:spPr><p:txBody><a:bodyPr/><a:lstStyle><a:lvl1pPr marL="0" indent="0"><a:buNone/><a:defRPr sz="2400"><a:solidFill><a:schemeClr val="tx1"><a:tint val="75000"/></a:schemeClr></a:solidFill></a:defRPr></a:lvl1pPr><a:lvl2pPr marL="457200" indent="0"><a:buNone/><a:defRPr sz="2000"><a:solidFill><a:schemeClr val="tx1"><a:tint val="75000"/></a:schemeClr></a:solidFill></a:defRPr></a:lvl2pPr><a:lvl3pPr marL="914400" indent="0"><a:buNone/><a:defRPr sz="1800"><a:solidFill><a:schemeClr val="tx1"><a:tint val="75000"/></a:schemeClr></a:solidFill></a:defRPr></a:lvl3pPr><a:lvl4pPr marL="1371600" indent="0"><a:buNone/><a:defRPr sz="1600"><a:solidFill><a:schemeClr val="tx1"><a:tint val="75000"/></a:schemeClr></a:solidFill></a:defRPr></a:lvl4pPr><a:lvl5pPr marL="1828800" indent="0"><a:buNone/><a:defRPr sz="1600"><a:solidFill><a:schemeClr val="tx1"><a:tint val="75000"/></a:schemeClr></a:solidFill></a:defRPr></a:lvl5pPr><a:lvl6pPr marL="2286000" indent="0"><a:buNone/><a:defRPr sz="1600"><a:solidFill><a:schemeClr val="tx1"><a:tint val="75000"/></a:schemeClr></a:solidFill></a:defRPr></a:lvl6pPr><a:lvl7pPr marL="2743200" indent="0"><a:buNone/><a:defRPr sz="1600"><a:solidFill><a:schemeClr val="tx1"><a:tint val="75000"/></a:schemeClr></a:solidFill></a:defRPr></a:lvl7pPr><a:lvl8pPr marL="3200400" indent="0"><a:buNone/><a:defRPr sz="1600"><a:solidFill><a:schemeClr val="tx1"><a:tint val="75000"/></a:schemeClr></a:solidFill></a:defRPr></a:lvl8pPr><a:lvl9pPr marL="3657600" indent="0"><a:buNone/><a:defRPr sz="1600"><a:solidFill><a:schemeClr val="tx1"><a:tint val="75000"/></a:schemeClr></a:solidFill></a:defRPr></a:lvl9pPr></a:lstStyle><a:p><a:pPr lvl="0"/><a:r><a:rPr lang="en-US"/><a:t>Click to edit Master text styles</a:t></a:r></a:p></p:txBody></p:sp><p:sp><p:nvSpPr><p:cNvPr id="4" name="Date Placeholder 3"><a:extLst><a:ext uri="{FF2B5EF4-FFF2-40B4-BE49-F238E27FC236}"><a16:creationId xmlns:a16="http://schemas.microsoft.com/office/drawing/2014/main" id="{1803CE5C-95FC-D945-83EF-C0CA20FF59DD}"/></a:ext></a:extLst></p:cNvPr><p:cNvSpPr><a:spLocks noGrp="1"/></p:cNvSpPr><p:nvPr><p:ph type="dt" sz="half" idx="10"/></p:nvPr></p:nvSpPr><p:spPr/><p:txBody><a:bodyPr/><a:lstStyle/><a:p><a:fld id="{41901BE9-1B6A-A34D-8BFD-9C0D85E1995A}" type="datetimeFigureOut"><a:rPr lang="en-US" smtClean="0"/><a:t>3/3/21</a:t></a:fld><a:endParaRPr lang="en-US"/></a:p></p:txBody></p:sp><p:sp><p:nvSpPr><p:cNvPr id="5" name="Footer Placeholder 4"><a:extLst><a:ext uri="{FF2B5EF4-FFF2-40B4-BE49-F238E27FC236}"><a16:creationId xmlns:a16="http://schemas.microsoft.com/office/drawing/2014/main" id="{3546BB79-F2F4-4E42-914D-3D2B5BC4287E}"/></a:ext></a:extLst></p:cNvPr><p:cNvSpPr><a:spLocks noGrp="1"/></p:cNvSpPr><p:nvPr><p:ph type="ftr" sz="quarter" idx="11"/></p:nvPr></p:nvSpPr><p:spPr/><p:txBody><a:bodyPr/><a:lstStyle/><a:p><a:endParaRPr lang="en-US"/></a:p></p:txBody></p:sp><p:sp><p:nvSpPr><p:cNvPr id="6" name="Slide Number Placeholder 5"><a:extLst><a:ext uri="{FF2B5EF4-FFF2-40B4-BE49-F238E27FC236}"><a16:creationId xmlns:a16="http://schemas.microsoft.com/office/drawing/2014/main" id="{15E04108-0986-F84D-9659-AD77B7E75899}"/></a:ext></a:extLst></p:cNvPr><p:cNvSpPr><a:spLocks noGrp="1"/></p:cNvSpPr><p:nvPr><p:ph type="sldNum" sz="quarter" idx="12"/></p:nvPr></p:nvSpPr><p:spPr/><p:txBody><a:bodyPr/><a:lstStyle/><a:p><a:fld id="{5D711DBB-A0EE-784F-846B-FFF73B657510}" type="slidenum"><a:rPr lang="en-US" smtClean="0"/><a:t>‹#›</a:t></a:fld><a:endParaRPr lang="en-US"/></a:p></p:txBody></p:sp></p:spTree><p:extLst><p:ext uri="{BB962C8B-B14F-4D97-AF65-F5344CB8AC3E}"><p14:creationId xmlns:p14="http://schemas.microsoft.com/office/powerpoint/2010/main" val="22140177"/></p:ext></p:extLst></p:cSld><p:clrMapOvr><a:masterClrMapping/></p:clrMapOvr></p:sldLayout>