<?xml version="1.0" encoding="UTF-8" standalone="yes"?>
<p:sldLayout xmlns:a="http://schemas.openxmlformats.org/drawingml/2006/main" xmlns:r="http://schemas.openxmlformats.org/officeDocument/2006/relationships" xmlns:p="http://schemas.openxmlformats.org/presentationml/2006/main" type="vertTitleAndTx" preserve="1"><p:cSld name="Vertical Title and Text"><p:spTree><p:nvGrpSpPr><p:cNvPr id="1" name=""/><p:cNvGrpSpPr/><p:nvPr/></p:nvGrpSpPr><p:grpSpPr><a:xfrm><a:off x="0" y="0"/><a:ext cx="0" cy="0"/><a:chOff x="0" y="0"/><a:chExt cx="0" cy="0"/></a:xfrm></p:grpSpPr><p:sp><p:nvSpPr><p:cNvPr id="2" name="Vertical Title 1"><a:extLst><a:ext uri="{FF2B5EF4-FFF2-40B4-BE49-F238E27FC236}"><a16:creationId xmlns:a16="http://schemas.microsoft.com/office/drawing/2014/main" id="{C76B9D5A-7FB8-1241-AB9D-BDC1304B0EC4}"/></a:ext></a:extLst></p:cNvPr><p:cNvSpPr><a:spLocks noGrp="1"/></p:cNvSpPr><p:nvPr><p:ph type="title" orient="vert"/></p:nvPr></p:nvSpPr><p:spPr><a:xfrm><a:off x="8724900" y="365125"/><a:ext cx="2628900" cy="5811838"/></a:xfrm></p:spPr><p:txBody><a:bodyPr vert="eaVert"/><a:lstStyle/><a:p><a:r><a:rPr lang="en-US"/><a:t>Click to edit Master title style</a:t></a:r></a:p></p:txBody></p:sp><p:sp><p:nvSpPr><p:cNvPr id="3" name="Vertical Text Placeholder 2"><a:extLst><a:ext uri="{FF2B5EF4-FFF2-40B4-BE49-F238E27FC236}"><a16:creationId xmlns:a16="http://schemas.microsoft.com/office/drawing/2014/main" id="{57B1AB7E-9682-D140-BCF0-976239ADCFC4}"/></a:ext></a:extLst></p:cNvPr><p:cNvSpPr><a:spLocks noGrp="1"/></p:cNvSpPr><p:nvPr><p:ph type="body" orient="vert" idx="1"/></p:nvPr></p:nvSpPr><p:spPr><a:xfrm><a:off x="838200" y="365125"/><a:ext cx="7734300" cy="5811838"/></a:xfrm></p:spPr><p:txBody><a:bodyPr vert="eaVert"/><a:lstStyle/><a:p><a:pPr lvl="0"/><a:r><a:rPr lang="en-US"/><a:t>Click to edit Master text styles</a:t></a:r></a:p><a:p><a:pPr lvl="1"/><a:r><a:rPr lang="en-US"/><a:t>Second level</a:t></a:r></a:p><a:p><a:pPr lvl="2"/><a:r><a:rPr lang="en-US"/><a:t>Third level</a:t></a:r></a:p><a:p><a:pPr lvl="3"/><a:r><a:rPr lang="en-US"/><a:t>Fourth level</a:t></a:r></a:p><a:p><a:pPr lvl="4"/><a:r><a:rPr lang="en-US"/><a:t>Fifth level</a:t></a:r></a:p></p:txBody></p:sp><p:sp><p:nvSpPr><p:cNvPr id="4" name="Date Placeholder 3"><a:extLst><a:ext uri="{FF2B5EF4-FFF2-40B4-BE49-F238E27FC236}"><a16:creationId xmlns:a16="http://schemas.microsoft.com/office/drawing/2014/main" id="{C0F1360E-9B87-7446-A421-0C2F14EC81E0}"/></a:ext></a:extLst></p:cNvPr><p:cNvSpPr><a:spLocks noGrp="1"/></p:cNvSpPr><p:nvPr><p:ph type="dt" sz="half" idx="10"/></p:nvPr></p:nvSpPr><p:spPr/><p:txBody><a:bodyPr/><a:lstStyle/><a:p><a:fld id="{41901BE9-1B6A-A34D-8BFD-9C0D85E1995A}" type="datetimeFigureOut"><a:rPr lang="en-US" smtClean="0"/><a:t>3/3/21</a:t></a:fld><a:endParaRPr lang="en-US"/></a:p></p:txBody></p:sp><p:sp><p:nvSpPr><p:cNvPr id="5" name="Footer Placeholder 4"><a:extLst><a:ext uri="{FF2B5EF4-FFF2-40B4-BE49-F238E27FC236}"><a16:creationId xmlns:a16="http://schemas.microsoft.com/office/drawing/2014/main" id="{532CFC13-93A2-7B47-9D25-AD5BFF6A7E6F}"/></a:ext></a:extLst></p:cNvPr><p:cNvSpPr><a:spLocks noGrp="1"/></p:cNvSpPr><p:nvPr><p:ph type="ftr" sz="quarter" idx="11"/></p:nvPr></p:nvSpPr><p:spPr/><p:txBody><a:bodyPr/><a:lstStyle/><a:p><a:endParaRPr lang="en-US"/></a:p></p:txBody></p:sp><p:sp><p:nvSpPr><p:cNvPr id="6" name="Slide Number Placeholder 5"><a:extLst><a:ext uri="{FF2B5EF4-FFF2-40B4-BE49-F238E27FC236}"><a16:creationId xmlns:a16="http://schemas.microsoft.com/office/drawing/2014/main" id="{A27B0904-73EC-AE42-85EF-28205830F517}"/></a:ext></a:extLst></p:cNvPr><p:cNvSpPr><a:spLocks noGrp="1"/></p:cNvSpPr><p:nvPr><p:ph type="sldNum" sz="quarter" idx="12"/></p:nvPr></p:nvSpPr><p:spPr/><p:txBody><a:bodyPr/><a:lstStyle/><a:p><a:fld id="{5D711DBB-A0EE-784F-846B-FFF73B657510}" type="slidenum"><a:rPr lang="en-US" smtClean="0"/><a:t>‹#›</a:t></a:fld><a:endParaRPr lang="en-US"/></a:p></p:txBody></p:sp></p:spTree><p:extLst><p:ext uri="{BB962C8B-B14F-4D97-AF65-F5344CB8AC3E}"><p14:creationId xmlns:p14="http://schemas.microsoft.com/office/powerpoint/2010/main" val="3330620784"/></p:ext></p:extLst></p:cSld><p:clrMapOvr><a:masterClrMapping/></p:clrMapOvr></p:sldLayout>