<?xml version="1.0" encoding="UTF-8" standalone="yes"?>
<p:sldLayout xmlns:a="http://schemas.openxmlformats.org/drawingml/2006/main" xmlns:r="http://schemas.openxmlformats.org/officeDocument/2006/relationships" xmlns:p="http://schemas.openxmlformats.org/presentationml/2006/main" type="title" preserve="1"><p:cSld name="Title Slide"><p:spTree><p:nvGrpSpPr><p:cNvPr id="1" name=""/><p:cNvGrpSpPr/><p:nvPr/></p:nvGrpSpPr><p:grpSpPr><a:xfrm><a:off x="0" y="0"/><a:ext cx="0" cy="0"/><a:chOff x="0" y="0"/><a:chExt cx="0" cy="0"/></a:xfrm></p:grpSpPr><p:sp><p:nvSpPr><p:cNvPr id="2" name="Title 1"><a:extLst><a:ext uri="{FF2B5EF4-FFF2-40B4-BE49-F238E27FC236}"><a16:creationId xmlns:a16="http://schemas.microsoft.com/office/drawing/2014/main" id="{14DF668E-90EE-0646-BD6C-07289C50938D}"/></a:ext></a:extLst></p:cNvPr><p:cNvSpPr><a:spLocks noGrp="1"/></p:cNvSpPr><p:nvPr><p:ph type="ctrTitle"/></p:nvPr></p:nvSpPr><p:spPr><a:xfrm><a:off x="1524000" y="1122363"/><a:ext cx="9144000" cy="2387600"/></a:xfrm></p:spPr><p:txBody><a:bodyPr anchor="b"/><a:lstStyle><a:lvl1pPr algn="ctr"><a:defRPr sz="6000"/></a:lvl1pPr></a:lstStyle><a:p><a:r><a:rPr lang="en-US"/><a:t>Click to edit Master title style</a:t></a:r></a:p></p:txBody></p:sp><p:sp><p:nvSpPr><p:cNvPr id="3" name="Subtitle 2"><a:extLst><a:ext uri="{FF2B5EF4-FFF2-40B4-BE49-F238E27FC236}"><a16:creationId xmlns:a16="http://schemas.microsoft.com/office/drawing/2014/main" id="{944A006C-56F6-2841-AFAB-B5C8A33D4B4A}"/></a:ext></a:extLst></p:cNvPr><p:cNvSpPr><a:spLocks noGrp="1"/></p:cNvSpPr><p:nvPr><p:ph type="subTitle" idx="1"/></p:nvPr></p:nvSpPr><p:spPr><a:xfrm><a:off x="1524000" y="3602038"/><a:ext cx="9144000" cy="1655762"/></a:xfrm></p:spPr><p:txBody><a:bodyPr/><a:lstStyle><a:lvl1pPr marL="0" indent="0" algn="ctr"><a:buNone/><a:defRPr sz="2400"/></a:lvl1pPr><a:lvl2pPr marL="457200" indent="0" algn="ctr"><a:buNone/><a:defRPr sz="2000"/></a:lvl2pPr><a:lvl3pPr marL="914400" indent="0" algn="ctr"><a:buNone/><a:defRPr sz="1800"/></a:lvl3pPr><a:lvl4pPr marL="1371600" indent="0" algn="ctr"><a:buNone/><a:defRPr sz="1600"/></a:lvl4pPr><a:lvl5pPr marL="1828800" indent="0" algn="ctr"><a:buNone/><a:defRPr sz="1600"/></a:lvl5pPr><a:lvl6pPr marL="2286000" indent="0" algn="ctr"><a:buNone/><a:defRPr sz="1600"/></a:lvl6pPr><a:lvl7pPr marL="2743200" indent="0" algn="ctr"><a:buNone/><a:defRPr sz="1600"/></a:lvl7pPr><a:lvl8pPr marL="3200400" indent="0" algn="ctr"><a:buNone/><a:defRPr sz="1600"/></a:lvl8pPr><a:lvl9pPr marL="3657600" indent="0" algn="ctr"><a:buNone/><a:defRPr sz="1600"/></a:lvl9pPr></a:lstStyle><a:p><a:r><a:rPr lang="en-US"/><a:t>Click to edit Master subtitle style</a:t></a:r></a:p></p:txBody></p:sp><p:sp><p:nvSpPr><p:cNvPr id="4" name="Date Placeholder 3"><a:extLst><a:ext uri="{FF2B5EF4-FFF2-40B4-BE49-F238E27FC236}"><a16:creationId xmlns:a16="http://schemas.microsoft.com/office/drawing/2014/main" id="{7F06665C-E453-C84E-91B8-47869592C535}"/></a:ext></a:extLst></p:cNvPr><p:cNvSpPr><a:spLocks noGrp="1"/></p:cNvSpPr><p:nvPr><p:ph type="dt" sz="half" idx="10"/></p:nvPr></p:nvSpPr><p:spPr/><p:txBody><a:bodyPr/><a:lstStyle/><a:p><a:fld id="{41901BE9-1B6A-A34D-8BFD-9C0D85E1995A}" type="datetimeFigureOut"><a:rPr lang="en-US" smtClean="0"/><a:t>3/3/21</a:t></a:fld><a:endParaRPr lang="en-US"/></a:p></p:txBody></p:sp><p:sp><p:nvSpPr><p:cNvPr id="5" name="Footer Placeholder 4"><a:extLst><a:ext uri="{FF2B5EF4-FFF2-40B4-BE49-F238E27FC236}"><a16:creationId xmlns:a16="http://schemas.microsoft.com/office/drawing/2014/main" id="{1FABA80F-FCFA-E746-ACDA-8E5E93AF955A}"/></a:ext></a:extLst></p:cNvPr><p:cNvSpPr><a:spLocks noGrp="1"/></p:cNvSpPr><p:nvPr><p:ph type="ftr" sz="quarter" idx="11"/></p:nvPr></p:nvSpPr><p:spPr/><p:txBody><a:bodyPr/><a:lstStyle/><a:p><a:endParaRPr lang="en-US"/></a:p></p:txBody></p:sp><p:sp><p:nvSpPr><p:cNvPr id="6" name="Slide Number Placeholder 5"><a:extLst><a:ext uri="{FF2B5EF4-FFF2-40B4-BE49-F238E27FC236}"><a16:creationId xmlns:a16="http://schemas.microsoft.com/office/drawing/2014/main" id="{5613A5E3-5A88-304A-9E6A-E00E05711BA9}"/></a:ext></a:extLst></p:cNvPr><p:cNvSpPr><a:spLocks noGrp="1"/></p:cNvSpPr><p:nvPr><p:ph type="sldNum" sz="quarter" idx="12"/></p:nvPr></p:nvSpPr><p:spPr/><p:txBody><a:bodyPr/><a:lstStyle/><a:p><a:fld id="{5D711DBB-A0EE-784F-846B-FFF73B657510}" type="slidenum"><a:rPr lang="en-US" smtClean="0"/><a:t>‹#›</a:t></a:fld><a:endParaRPr lang="en-US"/></a:p></p:txBody></p:sp></p:spTree><p:extLst><p:ext uri="{BB962C8B-B14F-4D97-AF65-F5344CB8AC3E}"><p14:creationId xmlns:p14="http://schemas.microsoft.com/office/powerpoint/2010/main" val="4249131835"/></p:ext></p:extLst></p:cSld><p:clrMapOvr><a:masterClrMapping/></p:clrMapOvr></p:sldLayout>